SELECT * FROM ndbinfo.certificates order by Node_id;
Node_id	Name	Expires	Serial
1	NDB Data Node Mar 2023	19-Apr-2024	B7:15:32:D5:AE:FF:C7:E1:E2
2	NDB Data Node Mar 2023	19-Apr-2024	B7:15:32:D5:AE:FF:C7:E1:E2
51	NDB Node Mar 2023	19-Apr-2024	7B:A8:13:FB:D8:42:8E:A3:C9
52	NDB Node Mar 2023	19-Apr-2024	7B:A8:13:FB:D8:42:8E:A3:C9
SELECT node_id, remote_node_id, encrypted from ndbinfo.transporters
WHERE status = 'CONNECTED' ORDER BY node_id, remote_node_id;
node_id	remote_node_id	encrypted
1	2	1
1	3	0
1	51	1
1	52	1
2	1	1
2	3	0
2	51	1
2	52	1
Use test;
CREATE TABLE t (i int primary key not null, j int) engine = ndb;
INSERT INTO t VALUES(1, 1);
SELECT * FROM t;
i	j
1	1
DROP TABLE t;
